Wrong Sentences,Right Sentences
"Seke succsse, but alwysa be prepraed fr randum ctas.","Seek success, but always be prepared for random cats."
The turth is taht yuo pay for your lifesytel in hrso.,The truth is that you pay for your lifestyle in hours.
It was a slipery slpeo and he was wiling to slide all the way to the depeset depth.,It was a slippery slope and he was willing to slide all the way to the deepest depth.
They improved drmatcally once the lead singer lfet.,They improved dramatically once the lead singer left.
A purepl pig and a green donkey flew a kite in the midle of the night and ended up sunburtn.,A purple pig and a green donkey flew a kite in the middle of the night and ended up sunburnt.
The pet shop stocks everyting you ened to keep your anaocnda hapyp.,The pet shop stocks everything you need to keep your anaconda happy.
He strives to keep the best lanw in the neighborhud.,He strieves to keep the best lawn in the neighborhood
We hav a lo of rain in Jun.,We have a lot of rain in June.
The quick bronw fox jumsp over the lzay dog.,The quick brown fox jumps over the lazy dog.
Chocolate covred crickts were his favourite snack.,Chocolate covered crickets were his favorite snack.
The tortose jumed into the lake with drems of becoing a sea turtle.,The tortoise jumped into the lake with dreams of becoming a sea turtle.
All you need to du is pck up the pen and begin.,All you need to do is pick up the pen and begin
There was no tellin what thoughs would come from the machien.,There was no telling what thoughts would come from the machine.
Nevr undestimate the willingnes of the greedy to throw you under the bus.,Never underestimate the willingness of the greedy to throw you under the bus.
He had a hiddn stash underneath the floorbords in the back room of the house.,He had a hidden stash underneath the floorboards in the back room of the house.
I cheked to make sure that he was stil alive.,I checked to make sure that he was still alive.
People genrally aprpove of dogs eating cat food but not cats eating dog food.,People generally approve of dogs eating cat food but not cats eating dog food.
Cobines are no longr just for famrs.,Combines are no longer just for farms.
We shold play with legos at camp.,We should play with the legos at camp.
There were three sphered rocks congregting in a cubed room.,There were three sphered rocks congregating in a cubed room.
It was the best sandcstle he had ever sene.,It was the best sandcastle he had ever sense.
I often see the tiem 11:11 or 12:34 on clocks.,I often see the time 11:11 or 12:34 on clocks.
Their argumet could be herda across the parking lot.,Their argument could be heard across the parking lot.
She was the typ of girl who wantd to liv in a pink house.,She was the type of girl who wanted to live in a pink house.
Nancy was proud that she ran a tight shipweck.,Nancy was proud that she ran a tight shipwreck.
"With a sinle flip of the coin, his life changd foreer.","With a single flip of the coin, his life changed forever."
A song can make or ruin a person’s day if they let it get to thm.,A song can make or ruin a person's day if they let it get to them.
He decided water-skiing on a frzen lake wasn’t a good idea.,He decided water-skiing on a frozen lake wasn't a good idea.
There is a resaon that roses have thonrs.,There is a reason that roses have thorns.
Noboyd has encountered an explosve daisy and lived to tell the tal.,Nobody has encountered an explosive daisy and lived to tell the tale.
Charlis ate the frech fries knowing they would be his last meal.,Charlie ate the french fries knowing they would be his last meal.
Tom got a sll picee of pie.,Tom got a small piece of pie.
I dont respect anybody who cant tell the differnce between Pepsi and Coke.,I dont respect anybody who cant tell the difference between Pepsi and Coke.
I caught my squirerl rustilng through my gym bag.,I caught my squirrel rustling through my gym bag.
Her life in the cofines of the house becme her new normal.,Her life in the confines of the house became her new normal.
There was coal in his sohcking and he was thrilled.,There was coal in his shocking and he was thrilled.
Iron pyrite is the most foolish of all mierals.,Iron pyrite is the most foolish of all minerals.
I would be delighted if the sea were flul of cucmuber juice.,I would be delighted if the sea were full of cucmuber juice.
He puored rocks in the dungen of his mind.,He poured rocks in the dungeon of his mind.
The miunte she landed she unerstood the reason this was a fly-over state.,The minute she landed she understood the reason this was a fly-over state.
The mysteroius diary recods the voice.,The mysterious diary records the voice.
Malls are great plaecs to shop; I can find eveything I need under one rfoo.,Malls are great places to shop; I can find everything I need under one roof.
Her daily goal was to improe on yesterdy.,Her daily goal was to improve on yesterday.
Exciement replced fear untill the final momernt.,Excitement replaced fear until the final moment.
The doll spun arund in circles in hope of coming alive.,The doll spun around in circles in hope of coming alive.
"When transplnting seedlings, candied teapots will make the task easier.","When transplanting seedlings, candid teapot will make the task easier."
Her scream silnced the rowdy teenagrs.,Her scream silenced the rowdy teenagers.
"It dawned on her that others could make her happier, but only she could make herself happy.","It dawned on her that others could make her happier, but only she could make herself happy."
The door slammed on the watmelon.,The door slammed on the watermelon.
"In hopes of finding out the truth, he entered the one-room libary.","In hopes of finding out the truth, he entered the one-room library."
He always wore his sunlasses at niht.,He always wore his sunglasses at night.
